{
  "development": {
    "StorageGrid": {
      "Urls": {
        "BaseUrl": "xxxxxxxxxx"
      },
      "Username": "xxxxxxxxxx",
      "Password": "xxxxxxxxxx",
      "Cookie": true,
      "CsrfToken": false,
      "Tenant": {
        "DefaultUsername": "xxxxxxxxxx",
        "UserPassword": "xxxxxxxxxx",
        "Capabilities": [
          "xxxxxxxxxx",
          "xxxxxxxxxx"
        ],
        "Policy": {
          "UseAccountIdentitySource": true,
          "AllowPlatformServices": true,
          "QuotaObjectBytes": 100000000000
        },
        "Cookie": true,
        "CsrfToken": false,
        "Bucket": {
          "Region": "xxxxxxxxxx",
          "S3_Bucket_Name": "xxxxxxxxxx",
          "Compliance": {
            "AutoDelete": false,
            "LegalHold": false,
            "RetentionPeriodMinutes": 2629800,
            "Access_Key_Id": "xxxxxxxxxx",
            "Secret_Access_Key": "xxxxxxxxxx"
          }
        }
      }
    },
    "Veeam": {
      "Urls": {
        "BaseUrl": "xxxxxxxxxx"
      },
      "Username": "xxxxxxxxxx",
      "Password": "xxxxxxxxxx",
      "CloudConnectAgentUid": "xxxxxxxxxx",
      "DefaultValues": {
        "BackupProtectionEnabled": true,
        "BackupProtectionPeriod": 2,
        "MaxConcurrentTask": 2,
        "ExpirationEnabled": false
      }
    },
    "Netsuite": {
      "Urls": {
        "BaseUrl": "xxxxxxxxxx"
      },
      "AccountNumber": "36326",
      "Username": "xxxxxxxxxx",
      "Password": "xxxxxxxxxx",
      "RoleId": "xxxxxxxxxx"
    },
    "Stitchdata": {
      "Urls": {
        "BaseUrl": "xxxxxxxxxx"
      },
      "PartnerId": "xxxxxxxxxx",
      "PartnerSecret": "xxxxxxxxxx",
      "GrantType": "authorization_code",
      "ContentType": "application/x-www-form-urlencoded"
    },
    "ActivePort": {
      "Urls": {
        "BaseUrl": "https://54.206.35.7"
      },
      "Username": "dev1",
      "Password": "Dev1Dev!"
    },
    "Xcloud": {
      "Urls": {
        "BaseUrl": "http://demo2.xcloudnetworks.com"
      },
      "Username": "demo",
      "Password": "OdicN!esOQF5I#Q6KH%E",
      "auth_scheme_id": 1
    },
    "NetApp": {
      "Urls": {
        "BaseUrl": "xxxxxxxxxx"
      },
      "OrgId": "16378",
      "TokenName": "xxxxxxxxxx",
      "Token": "xxxxxxxxxx",
      "Password": "xxxxxxxxxx"
    },
    "Dataiku": {
      "Urls": {
        "BaseUrl": "xxxxxxxxxx"
      }
    },
    "PrivateKey": {
      "Value": "xxxxxxxxxx",
      "Subject": "help@aseit.com.au",
      "Issuer": "ASE",
      "Audience": "http://www.aseit.com.au",
      "ExpiresIn": "xxxxxxxxxx"
    }
  }
}