{
  "openapi": "3.0.0",
  "info": {
    "version": "1.0.0",
    "title": "ASE API Management",
    "description": "The powerful console to manage backend",
    "license": {
      "name": "ASE",
      "url": "http://www.aseit.com.au/"
    }
  },
  "servers": [
    {
      "url": "/"
    }
  ],
  "paths": {
    "/createntuasync": {
      "post": {
        "tags": [
          "FLUID"
        ],
        "produces": [
          "application/json"
        ],
        "requestBody": {
          "required": true,
          "content": {
            "application/json": {
              "schema": {
                "$ref": "#/components/schemas/CreateNTUForASEInputParams"
              }
            }
          }
        },
        "responses": {
          "200": {
            "description": "Xcloud switch port has been retrieved successfully",
            "content": {
              "application/json": {
                "schema": {
                  "$ref": "#/components/schemas/RetrieveSwitchPortOutputParams"
                }
              }
            }
          },
          "400": {
            "description": "Some issue occured while retriving ActivePort NTU",
            "content": {
              "application/json": {
                "schema": {
                  "$ref": "#/components/schemas/ProcessRequestFailureOutputParams"
                }
              }
            }
          },
          "403": {
            "description": "You do not have necessary permissions for the resource"
          }
        }
      }
    }
  },
  "components": {
    "schemas": {
      "ProcessRequestFailureOutputParams": {
        "type": "array",
        "items": {
          "$ref": "#/components/schemas/NetsuiteCreateClientFailureOutputParams"
        }
      },
      "NetsuiteCreateClientFailureOutputParams": {
        "type": "object",
        "properties": {
          "id": {
            "type": "string",
            "uniqueItems": true
          },
          "logs": {
            "properties": {
              "status": {
                "type": "string",
                "uniqueItems": true
              },
              "description": {
                "type": "string",
                "uniqueItems": true
              },
              "actualdetail": {
                "properties": {
                  "type": "object",
                  "uniqueItems": true
                }
              },
              "param": {
                "properties": {
                  "type": "object",
                  "uniqueItems": true
                }
              },
              "datetime": {
                "type": "string",
                "uniqueItems": true
              }
            }
          }
        }
      },
      "CreateNTUForASEInputParams": {
        "type": "object",
        "required": [
          "switchportid",
          "autoRollback",
          "burstTime",
          "configBackup",
          "defaultRate",
          "enableBod",
          "endpoint",
          "firmwareVersion",
          "ipAddress",
          "loIp",
          "serviceConfigurationId",
          "maxRate",
          "minRate",
          "mode",
          "ntutypeId",
          "restEnabled",
          "restPassword",
          "restUsername",
          "secondUplinkPort",
          "serialNumber",
          "tenantId",
          "timeZone",
          "uplinkPort",
          "internetPort",
          "jumbo",
          "mac",
          "portSpeed",
          "portType",
          "trunk"
        ],
        "properties": {
          "switchportid": {
            "type": "integer",
            "uniqueItems": true
          },
          "autoRollback": {
            "type": "boolean",
            "uniqueItems": true
          },
          "burstTime": {
            "type": "integer",
            "uniqueItems": true
          },
          "configBackup": {
            "type": "boolean",
            "uniqueItems": true
          },
          "defaultRate": {
            "type": "integer",
            "uniqueItems": true
          },
          "enableBod": {
            "type": "boolean",
            "uniqueItems": true
          },
          "endpoint": {
            "type": "string",
            "uniqueItems": true
          },
          "firmwareVersion": {
            "type": "string",
            "uniqueItems": true
          },
          "ipAddress": {
            "type": "string",
            "uniqueItems": true
          },
          "loIp": {
            "type": "string",
            "uniqueItems": true
          },
          "serviceConfigurationId": {
            "type": "integer",
            "uniqueItems": true
          },
          "maxRate": {
            "type": "integer",
            "uniqueItems": true
          },
          "minRate": {
            "type": "integer",
            "uniqueItems": true
          },
          "mode": {
            "type": "string",
            "uniqueItems": true
          },
          "ntutypeId": {
            "type": "integer",
            "uniqueItems": true
          },
          "restEnabled": {
            "type": "boolean",
            "uniqueItems": true
          },
          "restPassword": {
            "type": "string",
            "uniqueItems": true
          },
          "restUsername": {
            "type": "string",
            "uniqueItems": true
          },
          "secondUplinkPort": {
            "type": "string",
            "uniqueItems": true
          },
          "serialNumber": {
            "type": "string",
            "uniqueItems": true
          },
          "tenantId": {
            "type": "string",
            "uniqueItems": true
          },
          "timeZone": {
            "type": "string",
            "uniqueItems": true
          },
          "uplinkPort": {
            "type": "string",
            "uniqueItems": true
          },
          "internetPort": {
            "type": "boolean",
            "uniqueItems": true
          },
          "jumbo": {
            "type": "boolean",
            "uniqueItems": true
          },
          "mac": {
            "type": "string",
            "uniqueItems": true
          },
          "portSpeed": {
            "type": "string",
            "example": "Auto"
          },
          "portType": {
            "type": "string",
            "example": "ETHERNET"
          },
          "trunk": {
            "type": "boolean",
            "uniqueItems": true,
            "default": true
          }
        }
      },
      "RetrieveSwitchPortOutputParams": {
        "type": "object",
        "properties": {
          "module": {
            "type": "string",
            "uniqueItems": true
          },
          "message": {
            "type": "object",
            "uniqueItems": true
          }
        }
      }
    },
    "securitySchemes1": {
      "ApiKeyAuth": {
        "type": "apiKey",
        "name": "api_key",
        "in": "query"
      }
    }
  },
  "security1": [
    {
      "ApiKeyAuth": []
    }
  ]
}