{
  "type": "PostgreSQL",
  "managed": true,
  "name": "Join_LogFeatures_Train_1",
  "smartName": "Join_LogFeatures_Train_1",
  "projectKey": "MUNISHEXAMKAGGLETELSTRANETWORKCHALLENGE",
  "checklists": {
    "checklists": []
  },
  "checks": [],
  "customMeta": {
    "kv": {}
  },
  "flowOptions": {
    "virtualizable": false,
    "rebuildBehavior": "NORMAL",
    "crossProjectBuildBehavior": "DEFAULT"
  },
  "readWriteOptions": {
    "preserveOrder": false,
    "writeBuckets": 1,
    "forceSingleOutputFile": false,
    "defaultReadOrdering": {
      "enabled": false,
      "rules": []
    }
  },
  "partitioning": {
    "ignoreNonMatchingFile": false,
    "considerMissingRequestedPartitionsAsEmpty": false,
    "dimensions": []
  },
  "versionTag": {
    "versionNumber": 1,
    "lastModifiedBy": {
      "login": "admin"
    },
    "lastModifiedOn": 1567735347193
  },
  "creationTag": {
    "versionNumber": 0,
    "lastModifiedBy": {
      "login": "admin"
    },
    "lastModifiedOn": 1567735344347
  },
  "tags": [],
  "params": {
    "writeWithCopyBadDataBehavior": "NOVERIFY_ERROR",
    "connection": "PostgreSQL",
    "notReadyIfEmpty": false,
    "mode": "table",
    "partitioningType": "custom",
    "normalizeDoubles": true,
    "table": "${projectKey}_join_logfeatures_train_1",
    "tableCreationMode": "auto",
    "writeInsertBatchSize": 10000,
    "writeJDBCBadDataBehavior": "DISCARD_ROW",
    "readColsWithUnknownTzAsDates": false,
    "readSQLDateColsAsDSSDates": true
  },
  "schema": {
    "columns": [
      {
        "name": "id",
        "type": "bigint"
      },
      {
        "name": "feature 68",
        "type": "bigint"
      },
      {
        "name": "feature 71",
        "type": "bigint"
      },
      {
        "name": "feature 56",
        "type": "bigint"
      },
      {
        "name": "feature 172",
        "type": "bigint"
      },
      {
        "name": "feature 193",
        "type": "bigint"
      },
      {
        "name": "feature 80",
        "type": "bigint"
      },
      {
        "name": "feature 201",
        "type": "bigint"
      },
      {
        "name": "feature 203",
        "type": "bigint"
      },
      {
        "name": "feature 82",
        "type": "bigint"
      },
      {
        "name": "feature 111",
        "type": "bigint"
      },
      {
        "name": "feature 134",
        "type": "bigint"
      },
      {
        "name": "feature 219",
        "type": "bigint"
      },
      {
        "name": "feature 159",
        "type": "bigint"
      },
      {
        "name": "feature 198",
        "type": "bigint"
      },
      {
        "name": "feature 76",
        "type": "bigint"
      },
      {
        "name": "feature 51",
        "type": "bigint"
      },
      {
        "name": "feature 167",
        "type": "bigint"
      },
      {
        "name": "feature 228",
        "type": "bigint"
      },
      {
        "name": "feature 310",
        "type": "bigint"
      },
      {
        "name": "feature 230",
        "type": "bigint"
      },
      {
        "name": "feature 308",
        "type": "bigint"
      },
      {
        "name": "feature 301",
        "type": "bigint"
      },
      {
        "name": "feature 221",
        "type": "bigint"
      },
      {
        "name": "feature 227",
        "type": "bigint"
      },
      {
        "name": "feature 312",
        "type": "bigint"
      },
      {
        "name": "feature 232",
        "type": "bigint"
      },
      {
        "name": "feature 307",
        "type": "bigint"
      },
      {
        "name": "feature 229",
        "type": "bigint"
      },
      {
        "name": "feature 309",
        "type": "bigint"
      },
      {
        "name": "feature 160",
        "type": "bigint"
      },
      {
        "name": "feature 181",
        "type": "bigint"
      },
      {
        "name": "feature 314",
        "type": "bigint"
      },
      {
        "name": "feature 313",
        "type": "bigint"
      },
      {
        "name": "feature 234",
        "type": "bigint"
      },
      {
        "name": "feature 233",
        "type": "bigint"
      },
      {
        "name": "feature 84",
        "type": "bigint"
      },
      {
        "name": "feature 205",
        "type": "bigint"
      },
      {
        "name": "feature 54",
        "type": "bigint"
      },
      {
        "name": "feature 170",
        "type": "bigint"
      },
      {
        "name": "feature 206",
        "type": "bigint"
      },
      {
        "name": "feature 149",
        "type": "bigint"
      },
      {
        "name": "feature 15",
        "type": "bigint"
      },
      {
        "name": "feature 182",
        "type": "bigint"
      },
      {
        "name": "feature 62",
        "type": "bigint"
      },
      {
        "name": "feature 63",
        "type": "bigint"
      },
      {
        "name": "feature 183",
        "type": "bigint"
      },
      {
        "name": "feature 137",
        "type": "bigint"
      },
      {
        "name": "feature 2",
        "type": "bigint"
      },
      {
        "name": "feature 299",
        "type": "bigint"
      },
      {
        "name": "feature 384",
        "type": "bigint"
      },
      {
        "name": "feature 385",
        "type": "bigint"
      },
      {
        "name": "feature 300",
        "type": "string"
      },
      {
        "name": "feature 386",
        "type": "string"
      },
      {
        "name": "feature 73",
        "type": "bigint"
      },
      {
        "name": "feature 195",
        "type": "bigint"
      },
      {
        "name": "feature 133",
        "type": "bigint"
      },
      {
        "name": "feature 217",
        "type": "bigint"
      },
      {
        "name": "feature 132",
        "type": "bigint"
      },
      {
        "name": "feature 218",
        "type": "bigint"
      },
      {
        "name": "feature 109",
        "type": "bigint"
      },
      {
        "name": "feature 157",
        "type": "bigint"
      },
      {
        "name": "feature 42",
        "type": "bigint"
      },
      {
        "name": "feature 74",
        "type": "bigint"
      },
      {
        "name": "feature 196",
        "type": "bigint"
      },
      {
        "name": "feature 178",
        "type": "bigint"
      },
      {
        "name": "feature 345",
        "type": "bigint"
      },
      {
        "name": "feature 179",
        "type": "bigint"
      },
      {
        "name": "feature 273",
        "type": "bigint"
      },
      {
        "name": "feature 304",
        "type": "bigint"
      },
      {
        "name": "feature 222",
        "type": "bigint"
      },
      {
        "name": "feature 306",
        "type": "bigint"
      },
      {
        "name": "feature 223",
        "type": "bigint"
      },
      {
        "name": "feature 326",
        "type": "bigint"
      },
      {
        "name": "feature 246",
        "type": "bigint"
      },
      {
        "name": "feature 87",
        "type": "bigint"
      },
      {
        "name": "feature 209",
        "type": "bigint"
      },
      {
        "name": "feature 113",
        "type": "bigint"
      },
      {
        "name": "feature 26",
        "type": "bigint"
      },
      {
        "name": "feature 103",
        "type": "bigint"
      },
      {
        "name": "feature 20",
        "type": "bigint"
      },
      {
        "name": "feature 155",
        "type": "bigint"
      },
      {
        "name": "feature 280",
        "type": "bigint"
      },
      {
        "name": "feature 207",
        "type": "bigint"
      },
      {
        "name": "feature 86",
        "type": "bigint"
      },
      {
        "name": "feature 8",
        "type": "bigint"
      },
      {
        "name": "feature 139",
        "type": "bigint"
      },
      {
        "name": "feature 5",
        "type": "bigint"
      },
      {
        "name": "feature 158",
        "type": "bigint"
      },
      {
        "name": "feature 43",
        "type": "bigint"
      },
      {
        "name": "feature 141",
        "type": "bigint"
      },
      {
        "name": "feature 315",
        "type": "bigint"
      },
      {
        "name": "feature 235",
        "type": "bigint"
      },
      {
        "name": "feature 127",
        "type": "bigint"
      },
      {
        "name": "feature 136",
        "type": "bigint"
      },
      {
        "name": "feature 212",
        "type": "bigint"
      },
      {
        "name": "feature 1",
        "type": "bigint"
      },
      {
        "name": "feature 240",
        "type": "bigint"
      },
      {
        "name": "feature 319",
        "type": "bigint"
      },
      {
        "name": "feature 204",
        "type": "bigint"
      },
      {
        "name": "feature 83",
        "type": "bigint"
      },
      {
        "name": "feature 85",
        "type": "bigint"
      },
      {
        "name": "feature 188",
        "type": "bigint"
      },
      {
        "name": "feature 66",
        "type": "bigint"
      },
      {
        "name": "feature 24",
        "type": "bigint"
      },
      {
        "name": "feature 153",
        "type": "bigint"
      },
      {
        "name": "feature 362",
        "type": "bigint"
      },
      {
        "name": "feature 360",
        "type": "bigint"
      },
      {
        "name": "feature 118",
        "type": "bigint"
      },
      {
        "name": "feature 220",
        "type": "bigint"
      },
      {
        "name": "feature 55",
        "type": "bigint"
      },
      {
        "name": "feature 171",
        "type": "bigint"
      },
      {
        "name": "feature 45",
        "type": "bigint"
      },
      {
        "name": "feature 173",
        "type": "bigint"
      },
      {
        "name": "feature 161",
        "type": "bigint"
      },
      {
        "name": "feature 57",
        "type": "bigint"
      },
      {
        "name": "feature 164",
        "type": "bigint"
      },
      {
        "name": "feature 174",
        "type": "bigint"
      },
      {
        "name": "feature 58",
        "type": "bigint"
      },
      {
        "name": "feature 302",
        "type": "bigint"
      },
      {
        "name": "feature 279",
        "type": "bigint"
      },
      {
        "name": "feature 48",
        "type": "bigint"
      },
      {
        "name": "feature 135",
        "type": "bigint"
      },
      {
        "name": "feature 211",
        "type": "bigint"
      },
      {
        "name": "feature 202",
        "type": "bigint"
      },
      {
        "name": "feature 187",
        "type": "bigint"
      },
      {
        "name": "feature 65",
        "type": "bigint"
      },
      {
        "name": "feature 244",
        "type": "bigint"
      },
      {
        "name": "feature 260",
        "type": "string"
      },
      {
        "name": "feature 81",
        "type": "bigint"
      },
      {
        "name": "feature 270",
        "type": "bigint"
      },
      {
        "name": "feature 303",
        "type": "bigint"
      },
      {
        "name": "feature 30",
        "type": "bigint"
      },
      {
        "name": "feature 197",
        "type": "bigint"
      },
      {
        "name": "feature 75",
        "type": "bigint"
      },
      {
        "name": "feature 305",
        "type": "bigint"
      },
      {
        "name": "feature 163",
        "type": "bigint"
      },
      {
        "name": "feature 47",
        "type": "bigint"
      },
      {
        "name": "feature 317",
        "type": "bigint"
      },
      {
        "name": "feature 239",
        "type": "bigint"
      },
      {
        "name": "feature 318",
        "type": "bigint"
      },
      {
        "name": "feature 108",
        "type": "bigint"
      },
      {
        "name": "feature 251",
        "type": "bigint"
      },
      {
        "name": "feature 331",
        "type": "bigint"
      },
      {
        "name": "feature 252",
        "type": "string"
      },
      {
        "name": "feature 238",
        "type": "bigint"
      },
      {
        "name": "feature 70",
        "type": "bigint"
      },
      {
        "name": "feature 191",
        "type": "bigint"
      },
      {
        "name": "feature 255",
        "type": "bigint"
      },
      {
        "name": "feature 333",
        "type": "bigint"
      },
      {
        "name": "feature 226",
        "type": "bigint"
      },
      {
        "name": "feature 60",
        "type": "bigint"
      },
      {
        "name": "feature 177",
        "type": "bigint"
      },
      {
        "name": "feature 328",
        "type": "bigint"
      },
      {
        "name": "feature 249",
        "type": "bigint"
      },
      {
        "name": "feature 329",
        "type": "bigint"
      },
      {
        "name": "feature 169",
        "type": "bigint"
      },
      {
        "name": "feature 145",
        "type": "bigint"
      },
      {
        "name": "feature 10",
        "type": "bigint"
      },
      {
        "name": "feature 162",
        "type": "bigint"
      },
      {
        "name": "feature 46",
        "type": "bigint"
      },
      {
        "name": "feature 265",
        "type": "bigint"
      },
      {
        "name": "feature 340",
        "type": "bigint"
      },
      {
        "name": "feature 64",
        "type": "bigint"
      },
      {
        "name": "feature 266",
        "type": "bigint"
      },
      {
        "name": "feature 267",
        "type": "bigint"
      },
      {
        "name": "feature 341",
        "type": "bigint"
      },
      {
        "name": "feature 53",
        "type": "bigint"
      },
      {
        "name": "feature 77",
        "type": "bigint"
      },
      {
        "name": "feature 143",
        "type": "bigint"
      },
      {
        "name": "feature 142",
        "type": "bigint"
      },
      {
        "name": "feature 165",
        "type": "bigint"
      },
      {
        "name": "feature 49",
        "type": "bigint"
      },
      {
        "name": "feature 105",
        "type": "bigint"
      },
      {
        "name": "feature 22",
        "type": "bigint"
      },
      {
        "name": "feature 268",
        "type": "bigint"
      },
      {
        "name": "feature 342",
        "type": "string"
      },
      {
        "name": "feature 269",
        "type": "bigint"
      },
      {
        "name": "feature 44",
        "type": "bigint"
      },
      {
        "name": "feature 94",
        "type": "bigint"
      },
      {
        "name": "feature 39",
        "type": "bigint"
      },
      {
        "name": "feature 117",
        "type": "bigint"
      },
      {
        "name": "feature 237",
        "type": "bigint"
      },
      {
        "name": "feature 29",
        "type": "bigint"
      },
      {
        "name": "event_type 1_count_sum",
        "type": "bigint"
      },
      {
        "name": "event_type 10_count_sum",
        "type": "bigint"
      },
      {
        "name": "event_type 11_count_sum",
        "type": "bigint"
      },
      {
        "name": "event_type 12_count_sum",
        "type": "bigint"
      },
      {
        "name": "event_type 13_count_sum",
        "type": "bigint"
      },
      {
        "name": "event_type 14_count_sum",
        "type": "bigint"
      },
      {
        "name": "event_type 15_count_sum",
        "type": "bigint"
      },
      {
        "name": "event_type 17_count_sum",
        "type": "bigint"
      },
      {
        "name": "event_type 18_count_sum",
        "type": "bigint"
      },
      {
        "name": "event_type 19_count_sum",
        "type": "bigint"
      },
      {
        "name": "event_type 2_count_sum",
        "type": "bigint"
      },
      {
        "name": "event_type 20_count_sum",
        "type": "bigint"
      },
      {
        "name": "event_type 21_count_sum",
        "type": "bigint"
      },
      {
        "name": "event_type 22_count_sum",
        "type": "bigint"
      },
      {
        "name": "event_type 23_count_sum",
        "type": "bigint"
      },
      {
        "name": "event_type 24_count_sum",
        "type": "bigint"
      },
      {
        "name": "event_type 25_count_sum",
        "type": "bigint"
      },
      {
        "name": "event_type 26_count_sum",
        "type": "bigint"
      },
      {
        "name": "event_type 27_count_sum",
        "type": "bigint"
      },
      {
        "name": "event_type 28_count_sum",
        "type": "bigint"
      },
      {
        "name": "event_type 29_count_sum",
        "type": "bigint"
      },
      {
        "name": "event_type 3_count_sum",
        "type": "bigint"
      },
      {
        "name": "event_type 30_count_sum",
        "type": "bigint"
      },
      {
        "name": "event_type 31_count_sum",
        "type": "bigint"
      },
      {
        "name": "event_type 32_count_sum",
        "type": "bigint"
      },
      {
        "name": "event_type 33_count_sum",
        "type": "bigint"
      },
      {
        "name": "event_type 34_count_sum",
        "type": "bigint"
      },
      {
        "name": "event_type 35_count_sum",
        "type": "bigint"
      },
      {
        "name": "event_type 36_count_sum",
        "type": "bigint"
      },
      {
        "name": "event_type 37_count_sum",
        "type": "bigint"
      },
      {
        "name": "event_type 38_count_sum",
        "type": "bigint"
      },
      {
        "name": "event_type 39_count_sum",
        "type": "bigint"
      },
      {
        "name": "event_type 4_count_sum",
        "type": "bigint"
      },
      {
        "name": "event_type 40_count_sum",
        "type": "bigint"
      },
      {
        "name": "event_type 41_count_sum",
        "type": "bigint"
      },
      {
        "name": "event_type 42_count_sum",
        "type": "bigint"
      },
      {
        "name": "event_type 43_count_sum",
        "type": "bigint"
      },
      {
        "name": "event_type 44_count_sum",
        "type": "bigint"
      },
      {
        "name": "event_type 45_count_sum",
        "type": "bigint"
      },
      {
        "name": "event_type 46_count_sum",
        "type": "bigint"
      },
      {
        "name": "event_type 47_count_sum",
        "type": "bigint"
      },
      {
        "name": "event_type 48_count_sum",
        "type": "bigint"
      },
      {
        "name": "event_type 49_count_sum",
        "type": "bigint"
      },
      {
        "name": "event_type 5_count_sum",
        "type": "bigint"
      },
      {
        "name": "event_type 50_count_sum",
        "type": "bigint"
      },
      {
        "name": "event_type 51_count_sum",
        "type": "bigint"
      },
      {
        "name": "event_type 52_count_sum",
        "type": "bigint"
      },
      {
        "name": "event_type 53_count_sum",
        "type": "bigint"
      },
      {
        "name": "event_type 54_count_sum",
        "type": "bigint"
      },
      {
        "name": "event_type 6_count_sum",
        "type": "bigint"
      },
      {
        "name": "event_type 7_count_sum",
        "type": "bigint"
      },
      {
        "name": "event_type 8_count_sum",
        "type": "bigint"
      },
      {
        "name": "event_type 9_count_sum",
        "type": "bigint"
      },
      {
        "name": "count",
        "type": "bigint"
      },
      {
        "name": "resource_type 1_count_sum",
        "type": "bigint"
      },
      {
        "name": "resource_type 10_count_sum",
        "type": "bigint"
      },
      {
        "name": "resource_type 2_count_sum",
        "type": "bigint"
      },
      {
        "name": "resource_type 3_count_sum",
        "type": "bigint"
      },
      {
        "name": "resource_type 4_count_sum",
        "type": "bigint"
      },
      {
        "name": "resource_type 5_count_sum",
        "type": "bigint"
      },
      {
        "name": "resource_type 6_count_sum",
        "type": "bigint"
      },
      {
        "name": "resource_type 7_count_sum",
        "type": "bigint"
      },
      {
        "name": "resource_type 8_count_sum",
        "type": "bigint"
      },
      {
        "name": "resource_type 9_count_sum",
        "type": "bigint"
      },
      {
        "name": "severity_type 1_count_sum",
        "type": "bigint"
      },
      {
        "name": "severity_type 2_count_sum",
        "type": "bigint"
      },
      {
        "name": "severity_type 3_count_sum",
        "type": "bigint"
      },
      {
        "name": "severity_type 4_count_sum",
        "type": "bigint"
      },
      {
        "name": "severity_type 5_count_sum",
        "type": "bigint"
      },
      {
        "name": "location",
        "type": "string"
      },
      {
        "name": "fault_severity",
        "type": "bigint"
      }
    ],
    "userModified": true
  },
  "metrics": {
    "probes": [
      {
        "type": "basic",
        "enabled": true,
        "computeOnBuildMode": "PARTITION",
        "meta": {
          "name": "Basic data",
          "level": 0
        },
        "configuration": {}
      },
      {
        "type": "records",
        "enabled": true,
        "computeOnBuildMode": "NO",
        "meta": {
          "name": "Record count",
          "level": 0
        },
        "configuration": {}
      }
    ],
    "engineConfig": {
      "padRunsWithMetrics": false,
      "hive": {
        "active": true,
        "extraConf": []
      },
      "basic": {},
      "dss": {
        "active": true,
        "selection": {
          "useMemTable": false,
          "filter": {
            "distinct": false,
            "enabled": false
          },
          "partitionSelectionMethod": "ALL",
          "latestPartitionsN": 1,
          "ordering": {
            "enabled": false,
            "rules": []
          },
          "samplingMethod": "FULL",
          "maxRecords": -1,
          "targetRatio": 0.02,
          "withinFirstN": -1,
          "maxReadUncompressedBytes": -1
        }
      },
      "sql": {
        "active": true
      },
      "impala": {
        "active": true
      },
      "spark": {
        "active": true,
        "extraConf": []
      },
      "python": {}
    },
    "displayedState": {
      "columns": [],
      "metrics": [
        "basic:COUNT_COLUMNS",
        "records:COUNT_RECORDS"
      ]
    }
  },
  "metricsChecks": {
    "runOnBuild": false,
    "checks": [],
    "displayedState": {
      "checks": []
    }
  },
  "customFields": {}
}