{
    "name": "Spring Block",
    "provider": "aws",
    "workspace": 16674,
    "provider_keyset": 48708,
    "master_count": 1,
    "master_size": "m5.large",
    "master_root_disk_size": 50,
    "master_gpu_instance_size": "",
    "worker_count": 2,
    "worker_size": "m5.large",
    "worker_gpu_instance_size": "",
    "worker_root_disk_size": 50,
    "k8s_version": "v1.15.3",
    "k8s_dashboard_enabled": true,
    "k8s_rbac_enabled": true,
    "k8s_pod_cidr": "10.2.0.0",
    "k8s_service_cidr": "10.3.0.0",
    "user_ssh_keyset": 48438,
    "etcd_type": "classic",
    "platform": "coreos",
    "channel": "stable",
    "region": "us-west-2",
    "zone": "us-west-2a",
    "provider_network_id": "__new__",
    "provider_network_cidr": "172.23.0.0/16",
    "provider_subnet_id": "__new__",
    "provider_subnet_cidr": "172.23.1.0/24",
    "solutions": [
      {
        "solution": "helm_tiller",
        "name": "Helm Tiller",
        "keysetRequired": false,
        "tag": "latest",
        "version": "latest"
      }
    ],
    "owner": 19764
  }