{
  "switchportid": 802,
  "autoRollback": true,
  "burstTime": 5,
  "configBackup": true,
  "defaultRate": 100,
  "enableBod": false,
  "endpoint": "string",
  "firmwareVersion": "15.1X49-D130",
  "ipAddress": "10.1.1.1",
  "loIp": "10.1.1.254",
  "serviceConfigurationId": 31,
  "maxRate": 1000,
  "minRate": 100,
  "mode": "EDGE",
  "ntutypeId": 1,
  "restEnabled": true,
  "restPassword": "Must be a valid password containing at less 6 characters!, one uppercase, one number and one spe",
  "restUsername": "rest",
  "secondUplinkPort": "ge-0/0/5",
  "serialNumber": "CV28T7WF24SA",
  "tenantId": "89640bd4-550e-4f6d-a38a-432e37ed35b2",
  "timeZone": "Australia/Perth",
  "uplinkPort": "ge-0/0/6",
  "internetPort": false,
  "jumbo": true,
  "mac": "testing mac",
  "portSpeed": "Auto",
  "portType": "ETHERNET",
  "trunk": true
}
