{
  "name": "Example43",
  "checked": true,
  "terminate_on_switch": "no",
  "neighbor_as": "1111",
  "ip_version": "ipv4",
  "status": "enabled",
  "originate": "disabled",
  "vlan": 1,
  "site_id": 1,
  "local_ip": "40.40.40.1",
  "remote_ip": "40.40.40.2",
  "bgp_password": "password",
  "local_preference": 100,
  "prepend_inbound": 0,
  "prepend_outbound": 0,
  "nfv_port_id": 18627,
  "nfv_id": 145,
  "prefix_length": 30,
  "prefix_limit": "",
  "prefix_list_outbound": "deny 4.4.4.0/24",
  "prefix_list_inbound": "permit 4.4.4.0/24 ge 25",
  "neighbor_address": null,
  "multihop": 0,
  "update_source": "",
  "description": "Example2",
  "weight": 0,
  "internal": null,
  "community": "",
  "term_switch_id": 145,
  "term_switch_name": "xcloud-app1",
  "allowas_in": 0,
  "inboundRouteMap": null,
  "outboundRouteMap": null,
  "rcircuit_id": null,
  "switch_port_id": 18663,
  "switch_id": 143,
  "switch_name": "xcloud-spine1"
}