{
  "createdBy": "munish",
  "createdDate": "2020-04-28T01:49:30.604Z",
  "lastModifiedBy": "munish",
  "lastModifiedDate": "2020-04-28T01:49:30.604Z",
  "tenantId": "86ac47a8-e8d9-47dd-820c-f4013b907d6e",
  "orgId": "90e6c471-055e-2aml-235t-ee2de18c8848",
  "orgName": null,
  "id": 310,
  "type": "AWS",
  "name": "Munish demo - AWS Service6",
  "description": "service desc",
  "serviceKey": null,
  "rateLimit": 100,
  "price": "Monthly rate: $390.00 - Setup Price: $10.00 [AUD]",
  "uuid": "ded75330-71a3-4ffa-bb0a-c9e55ce00e3c",
  "productUid": "7268b0ab-8de4-4f1d-8d0d-31c8ff9497e6",
  "reTaggedVlanId": null,
  "provisioningStatus": "CONFIGURED",
  "vlanIdA": 932,
  "vlanIdB": null,
  "vlanIdS": null,
  "ntuId": 146,
  "customerIp": null,
  "firewallPrice": null,
  "firewallStatus": "DISABLED",
  "state": "ACTIVE",
  "partnerType": "MEGAPORT",
  "circuitType": "VLAN",
  "customerSubnet": null,
  "providerIp": null,
  "activePortGwIp": null,
  "bgpAuthKey": "pj3OsXWIJtSgCztCltfp",
  "providerGwIp": null,
  "asn": null,
  "peerAsn": null,
  "vxcType": "PRIMARY",
  "partnerId": 1,
  "partnerName": null,
  "ntuPortId": null,
  "ntuPortName": null,
  "serviceConfigurationName": null,
  "serviceConfigurationId": 27,
  "unitRandom": 12797,
  "accountId": "018232283193",
  "locationMetro": "Sydney",
  "awsType": "PRIVATE",
  "rateChange": false,
  "prvRateLimit": null,
  "companyUid": "605cb850-dfb4-4a05-a171-8bf17757b3a2",
  "companyName": "AWS",
  "title": "Asia Pacific (Sydney) (ap-southeast-2) [DZ-BLUE]",
  "locationId": 3,
  "speed": null,
  "rank": null,
  "bandwidth": null,
  "locationName": "Global Switch Sydney West",
  "mac": null,
  "jobUid": null,
  "callbackUrl": null,
  "hostedType": "AWSHC",
  "downLinkPort": "ge-0/0/21",
  "initiator": null,
  "assignee": null,
  "partnerUid": null,
  "portId": null,
  "allowRateChange": null,
  "bendProductUid": "e5f28d51-c8c9-46fa-951a-ac3ce8159061",
  "serviceRequest": {
    "ntuPort": null,
    "megaportUid": null,
    "productName": null,
    "vlanId": 0,
    "validated": true,
    "partnerUid": null,
    "serviceKey": null,
    "vlanIdB": 0,
    "returnError": false,
    "targets": [],
    "rate": 0,
    "newPrice": null,
    "action": null,
    "validationUid": "ded75330-71a3-4ffa-bb0a-c9e55ce00e3c",
    "vlan": null,
    "isServiceKey": false,
    "request": null,
    "partnerId": null,
    "metroRegion": null,
    "remotePort": {
      "locationId": 3,
      "uid": "e5f28d51-c8c9-46fa-951a-ac3ce8159061",
      "metroId": null,
      "companyId": "605cb850-dfb4-4a05-a171-8bf17757b3a2",
      "companyName": "AWS",
      "dataCenterFacilityId": null,
      "asnId": null,
      "zone": null,
      "vlanId": null,
      "regionName": null,
      "type": null,
      "partnerPort": null,
      "market": "PRIMARY",
      "country": "Australia",
      "networkRegion": "MP1",
      "address": {
        "country": "Australia",
        "street": "400 Harris Street",
        "postcode": "2007",
        "suburb": "Ultimo",
        "state": "NSW"
      },
      "campus": "campus_deprecated",
      "metro": "Sydney",
      "name": "Global Switch Sydney West",
      "id": 3,
      "providerType": "MEGAPORT",
      "partner": null,
      "serviceCodeId": 1,
      "portId": null,
      "bandwidths": null,
      "connectType": "AWSHC",
      "productUid": null,
      "companyUid": null,
      "title": "Asia Pacific (Sydney) (ap-southeast-2) [DZ-BLUE]",
      "speed": null,
      "vxcPermitted": null,
      "rank": 254,
      "vxc": null,
      "description": null,
      "portSpeed": 10000,
      "state": null,
      "data": null
    },
    "serviceConfiguarion": null,
    "addToProvider": true
  }
}