{
    "id": 100,
    "autoRollback": true,
    "burstTime": 12,
    "configBackup": true,
    "defaultRate": 100,
    "description": "NTU Munish Test",
    "enableBod": false,
    "endpoint": "http://10.30.1.3:8080",
    "firmwareVersion": "15.1X49-D150",
    "ipAddress": "10.30.1.3",
    "loIp": "10.30.63.254",
    "serviceConfigurationId": 2,
    "maxRate": 1000,
    "minRate": 100,
    "mode": "CLOUD",
    "name": "Munish NTU1",
    "ntutypeId": 1,
    "restEnabled": true,
    "restPassword": "2Pb7jZ*'w~`Z\"8S%",
    "restUsername": "rest",
    "secondUplinkPort": "ge-0/0/5",
    "serialNumber": "CV1917AF020E",
    "tenantId": "89640bd4-550e-4f6d-a38a-432e37ed35b2",
    "timeZone": "Australia/Perth",
    "uplinkPort": "ge-0/0/6"
  }